fecha,estacion,latitud,longitud,PM25
2020-11-02,P_ESTACION_VIENTO_ARRIBA_ALBANIA _C_VAAL_06,11.1610849,-72.5856386,6.0
2020-11-05,P_ESTACION_VIENTO_ARRIBA_ALBANIA _C_VAAL_06,11.1610849,-72.5856386,7.0
2020-11-08,P_ESTACION_VIENTO_ARRIBA_ALBANIA _C_VAAL_06,11.1610849,-72.5856386,6.0
2020-11-11,P_ESTACION_VIENTO_ARRIBA_ALBANIA _C_VAAL_06,11.1610849,-72.5856386,6.0
2020-11-14,P_ESTACION_VIENTO_ARRIBA_ALBANIA _C_VAAL_06,11.1610849,-72.5856386,10.0
2020-11-17,P_ESTACION_VIENTO_ARRIBA_ALBANIA _C_VAAL_06,11.1610849,-72.5856386,9.0
2020-11-20,P_ESTACION_VIENTO_ARRIBA_ALBANIA _C_VAAL_06,11.1610849,-72.5856386,6.0
2020-11-23,P_ESTACION_VIENTO_ARRIBA_ALBANIA _C_VAAL_06,11.1610849,-72.5856386,8.0
2020-11-26,P_ESTACION_VIENTO_ARRIBA_ALBANIA _C_VAAL_06,11.1610849,-72.5856386,7.0
2020-11-29,P_ESTACION_VIENTO_ARRIBA_ALBANIA _C_VAAL_06,11.1610849,-72.5856386,6.0
2020-12-02,P_ESTACION_VIENTO_ARRIBA_ALBANIA _C_VAAL_06,11.1610849,-72.5856386,5.0
2020-12-05,P_ESTACION_VIENTO_ARRIBA_ALBANIA _C_VAAL_06,11.1610849,-72.5856386,7.0
2020-12-08,P_ESTACION_VIENTO_ARRIBA_ALBANIA _C_VAAL_06,11.1610849,-72.5856386,5.0
2020-12-11,P_ESTACION_VIENTO_ARRIBA_ALBANIA _C_VAAL_06,11.1610849,-72.5856386,7.0
2020-12-14,P_ESTACION_VIENTO_ARRIBA_ALBANIA _C_VAAL_06,11.1610849,-72.5856386,7.0
2020-12-17,P_ESTACION_VIENTO_ARRIBA_ALBANIA _C_VAAL_06,11.1610849,-72.5856386,6.0
2020-12-20,P_ESTACION_VIENTO_ARRIBA_ALBANIA _C_VAAL_06,11.1610849,-72.5856386,7.0
2020-12-23,P_ESTACION_VIENTO_ARRIBA_ALBANIA _C_VAAL_06,11.1610849,-72.5856386,7.0
2020-12-26,P_ESTACION_VIENTO_ARRIBA_ALBANIA _C_VAAL_06,11.1610849,-72.5856386,10.0
2020-12-29,P_ESTACION_VIENTO_ARRIBA_ALBANIA _C_VAAL_06,11.1610849,-72.5856386,5.0
2021-01-01,P_ESTACION_VIENTO_ARRIBA_ALBANIA _C_VAAL_06,11.1610849,-72.5856386,7.78
2021-01-04,P_ESTACION_VIENTO_ARRIBA_ALBANIA _C_VAAL_06,11.1610849,-72.5856386,9.8
2021-01-07,P_ESTACION_VIENTO_ARRIBA_ALBANIA _C_VAAL_06,11.1610849,-72.5856386,9.27
2021-01-10,P_ESTACION_VIENTO_ARRIBA_ALBANIA _C_VAAL_06,11.1610849,-72.5856386,7.6
2021-01-13,P_ESTACION_VIENTO_ARRIBA_ALBANIA _C_VAAL_06,11.1610849,-72.5856386,6.28
2021-01-16,P_ESTACION_VIENTO_ARRIBA_ALBANIA _C_VAAL_06,11.1610849,-72.5856386,6.41
2021-01-19,P_ESTACION_VIENTO_ARRIBA_ALBANIA _C_VAAL_06,11.1610849,-72.5856386,5.79
2021-01-22,P_ESTACION_VIENTO_ARRIBA_ALBANIA _C_VAAL_06,11.1610849,-72.5856386,8.32
2021-01-25,P_ESTACION_VIENTO_ARRIBA_ALBANIA _C_VAAL_06,11.1610849,-72.5856386,7.91
2021-01-28,P_ESTACION_VIENTO_ARRIBA_ALBANIA _C_VAAL_06,11.1610849,-72.5856386,13.23
2021-01-31,P_ESTACION_VIENTO_ARRIBA_ALBANIA _C_VAAL_06,11.1610849,-72.5856386,16.37
2021-02-03,P_ESTACION_VIENTO_ARRIBA_ALBANIA _C_VAAL_06,11.1610849,-72.5856386,9.98
2021-02-06,P_ESTACION_VIENTO_ARRIBA_ALBANIA _C_VAAL_06,11.1610849,-72.5856386,11.81
2021-02-09,P_ESTACION_VIENTO_ARRIBA_ALBANIA _C_VAAL_06,11.1610849,-72.5856386,8.28
2021-02-12,P_ESTACION_VIENTO_ARRIBA_ALBANIA _C_VAAL_06,11.1610849,-72.5856386,9.23
2021-02-15,P_ESTACION_VIENTO_ARRIBA_ALBANIA _C_VAAL_06,11.1610849,-72.5856386,9.57
2021-02-18,P_ESTACION_VIENTO_ARRIBA_ALBANIA _C_VAAL_06,11.1610849,-72.5856386,8.79
2021-02-21,P_ESTACION_VIENTO_ARRIBA_ALBANIA _C_VAAL_06,11.1610849,-72.5856386,6.13
2021-02-24,P_ESTACION_VIENTO_ARRIBA_ALBANIA _C_VAAL_06,11.1610849,-72.5856386,11.65
2021-02-27,P_ESTACION_VIENTO_ARRIBA_ALBANIA _C_VAAL_06,11.1610849,-72.5856386,17.14
2021-03-02,P_ESTACION_VIENTO_ARRIBA_ALBANIA _C_VAAL_06,11.1610849,-72.5856386,12.74
2021-03-05,P_ESTACION_VIENTO_ARRIBA_ALBANIA _C_VAAL_06,11.1610849,-72.5856386,12.11
2021-03-08,P_ESTACION_VIENTO_ARRIBA_ALBANIA _C_VAAL_06,11.1610849,-72.5856386,11.24
2021-03-11,P_ESTACION_VIENTO_ARRIBA_ALBANIA _C_VAAL_06,11.1610849,-72.5856386,6.28
2021-03-14,P_ESTACION_VIENTO_ARRIBA_ALBANIA _C_VAAL_06,11.1610849,-72.5856386,5.66
2021-03-17,P_ESTACION_VIENTO_ARRIBA_ALBANIA _C_VAAL_06,11.1610849,-72.5856386,7.63
2021-03-20,P_ESTACION_VIENTO_ARRIBA_ALBANIA _C_VAAL_06,11.1610849,-72.5856386,11.66
2021-03-23,P_ESTACION_VIENTO_ARRIBA_ALBANIA _C_VAAL_06,11.1610849,-72.5856386,9.42
2021-03-26,P_ESTACION_VIENTO_ARRIBA_ALBANIA _C_VAAL_06,11.1610849,-72.5856386,7.67
2021-03-29,P_ESTACION_VIENTO_ARRIBA_ALBANIA _C_VAAL_06,11.1610849,-72.5856386,7.54
2021-04-01,P_ESTACION_VIENTO_ARRIBA_ALBANIA _C_VAAL_06,11.1610849,-72.5856386,9.03
2021-04-04,P_ESTACION_VIENTO_ARRIBA_ALBANIA _C_VAAL_06,11.1610849,-72.5856386,10.65
2021-04-07,P_ESTACION_VIENTO_ARRIBA_ALBANIA _C_VAAL_06,11.1610849,-72.5856386,16.73
2021-04-10,P_ESTACION_VIENTO_ARRIBA_ALBANIA _C_VAAL_06,11.1610849,-72.5856386,33.07
2021-04-13,P_ESTACION_VIENTO_ARRIBA_ALBANIA _C_VAAL_06,11.1610849,-72.5856386,15.88
2021-04-16,P_ESTACION_VIENTO_ARRIBA_ALBANIA _C_VAAL_06,11.1610849,-72.5856386,20.75
2021-04-19,P_ESTACION_VIENTO_ARRIBA_ALBANIA _C_VAAL_06,11.1610849,-72.5856386,13.3
2021-04-22,P_ESTACION_VIENTO_ARRIBA_ALBANIA _C_VAAL_06,11.1610849,-72.5856386,10.11
2021-04-25,P_ESTACION_VIENTO_ARRIBA_ALBANIA _C_VAAL_06,11.1610849,-72.5856386,6.32
2021-04-28,P_ESTACION_VIENTO_ARRIBA_ALBANIA _C_VAAL_06,11.1610849,-72.5856386,5.41
2021-05-01,P_ESTACION_VIENTO_ARRIBA_ALBANIA _C_VAAL_06,11.1610849,-72.5856386,7.94
2021-05-04,P_ESTACION_VIENTO_ARRIBA_ALBANIA _C_VAAL_06,11.1610849,-72.5856386,13.95
2021-05-07,P_ESTACION_VIENTO_ARRIBA_ALBANIA _C_VAAL_06,11.1610849,-72.5856386,7.34
2021-05-10,P_ESTACION_VIENTO_ARRIBA_ALBANIA _C_VAAL_06,11.1610849,-72.5856386,8.47
2021-05-13,P_ESTACION_VIENTO_ARRIBA_ALBANIA _C_VAAL_06,11.1610849,-72.5856386,19.31
2021-05-16,P_ESTACION_VIENTO_ARRIBA_ALBANIA _C_VAAL_06,11.1610849,-72.5856386,23.15
2021-05-19,P_ESTACION_VIENTO_ARRIBA_ALBANIA _C_VAAL_06,11.1610849,-72.5856386,16.34
2021-05-22,P_ESTACION_VIENTO_ARRIBA_ALBANIA _C_VAAL_06,11.1610849,-72.5856386,21.46
2021-05-25,P_ESTACION_VIENTO_ARRIBA_ALBANIA _C_VAAL_06,11.1610849,-72.5856386,15.24
2021-05-28,P_ESTACION_VIENTO_ARRIBA_ALBANIA _C_VAAL_06,11.1610849,-72.5856386,16.86
2021-05-31,P_ESTACION_VIENTO_ARRIBA_ALBANIA _C_VAAL_06,11.1610849,-72.5856386,11.27
2021-06-03,P_ESTACION_VIENTO_ARRIBA_ALBANIA _C_VAAL_06,11.1610849,-72.5856386,6.97
2021-06-06,P_ESTACION_VIENTO_ARRIBA_ALBANIA _C_VAAL_06,11.1610849,-72.5856386,6.5
2021-06-09,P_ESTACION_VIENTO_ARRIBA_ALBANIA _C_VAAL_06,11.1610849,-72.5856386,24.84
2021-06-12,P_ESTACION_VIENTO_ARRIBA_ALBANIA _C_VAAL_06,11.1610849,-72.5856386,20.48
2021-06-15,P_ESTACION_VIENTO_ARRIBA_ALBANIA _C_VAAL_06,11.1610849,-72.5856386,15.28
2021-06-18,P_ESTACION_VIENTO_ARRIBA_ALBANIA _C_VAAL_06,11.1610849,-72.5856386,9.71
2021-06-21,P_ESTACION_VIENTO_ARRIBA_ALBANIA _C_VAAL_06,11.1610849,-72.5856386,11.32
2021-06-24,P_ESTACION_VIENTO_ARRIBA_ALBANIA _C_VAAL_06,11.1610849,-72.5856386,13.54
2021-06-27,P_ESTACION_VIENTO_ARRIBA_ALBANIA _C_VAAL_06,11.1610849,-72.5856386,10.48
2021-06-30,P_ESTACION_VIENTO_ARRIBA_ALBANIA _C_VAAL_06,11.1610849,-72.5856386,15.39
2021-07-03,P_ESTACION_VIENTO_ARRIBA_ALBANIA _C_VAAL_06,11.1610849,-72.5856386,10.85
2021-07-06,P_ESTACION_VIENTO_ARRIBA_ALBANIA _C_VAAL_06,11.1610849,-72.5856386,13.68
2021-07-09,P_ESTACION_VIENTO_ARRIBA_ALBANIA _C_VAAL_06,11.1610849,-72.5856386,10.68
2021-07-12,P_ESTACION_VIENTO_ARRIBA_ALBANIA _C_VAAL_06,11.1610849,-72.5856386,9.66
2021-07-15,P_ESTACION_VIENTO_ARRIBA_ALBANIA _C_VAAL_06,11.1610849,-72.5856386,10.79
2021-07-18,P_ESTACION_VIENTO_ARRIBA_ALBANIA _C_VAAL_06,11.1610849,-72.5856386,10.63
2021-07-21,P_ESTACION_VIENTO_ARRIBA_ALBANIA _C_VAAL_06,11.1610849,-72.5856386,17.7
2021-07-24,P_ESTACION_VIENTO_ARRIBA_ALBANIA _C_VAAL_06,11.1610849,-72.5856386,9.51
2021-07-27,P_ESTACION_VIENTO_ARRIBA_ALBANIA _C_VAAL_06,11.1610849,-72.5856386,5.23
2021-07-30,P_ESTACION_VIENTO_ARRIBA_ALBANIA _C_VAAL_06,11.1610849,-72.5856386,12.63
2021-08-02,P_ESTACION_VIENTO_ARRIBA_ALBANIA _C_VAAL_06,11.1610849,-72.5856386,12.54
2021-08-05,P_ESTACION_VIENTO_ARRIBA_ALBANIA _C_VAAL_06,11.1610849,-72.5856386,10.97
2021-08-08,P_ESTACION_VIENTO_ARRIBA_ALBANIA _C_VAAL_06,11.1610849,-72.5856386,10.55
2021-08-11,P_ESTACION_VIENTO_ARRIBA_ALBANIA _C_VAAL_06,11.1610849,-72.5856386,12.69
2021-08-14,P_ESTACION_VIENTO_ARRIBA_ALBANIA _C_VAAL_06,11.1610849,-72.5856386,10.15
2021-08-17,P_ESTACION_VIENTO_ARRIBA_ALBANIA _C_VAAL_06,11.1610849,-72.5856386,12.22
2021-08-20,P_ESTACION_VIENTO_ARRIBA_ALBANIA _C_VAAL_06,11.1610849,-72.5856386,14.82
2021-08-23,P_ESTACION_VIENTO_ARRIBA_ALBANIA _C_VAAL_06,11.1610849,-72.5856386,12.54
2021-08-26,P_ESTACION_VIENTO_ARRIBA_ALBANIA _C_VAAL_06,11.1610849,-72.5856386,11.28
2021-08-29,P_ESTACION_VIENTO_ARRIBA_ALBANIA _C_VAAL_06,11.1610849,-72.5856386,20.3
2021-09-01,P_ESTACION_VIENTO_ARRIBA_ALBANIA _C_VAAL_06,11.1610849,-72.5856386,15.94
2021-09-04,P_ESTACION_VIENTO_ARRIBA_ALBANIA _C_VAAL_06,11.1610849,-72.5856386,8.68
2021-09-07,P_ESTACION_VIENTO_ARRIBA_ALBANIA _C_VAAL_06,11.1610849,-72.5856386,10.41
2021-09-10,P_ESTACION_VIENTO_ARRIBA_ALBANIA _C_VAAL_06,11.1610849,-72.5856386,18.65
2021-09-13,P_ESTACION_VIENTO_ARRIBA_ALBANIA _C_VAAL_06,11.1610849,-72.5856386,14.6
2021-09-16,P_ESTACION_VIENTO_ARRIBA_ALBANIA _C_VAAL_06,11.1610849,-72.5856386,9.44
2021-09-19,P_ESTACION_VIENTO_ARRIBA_ALBANIA _C_VAAL_06,11.1610849,-72.5856386,20.17
2021-09-22,P_ESTACION_VIENTO_ARRIBA_ALBANIA _C_VAAL_06,11.1610849,-72.5856386,12.87
2021-09-25,P_ESTACION_VIENTO_ARRIBA_ALBANIA _C_VAAL_06,11.1610849,-72.5856386,7.1
2021-09-28,P_ESTACION_VIENTO_ARRIBA_ALBANIA _C_VAAL_06,11.1610849,-72.5856386,9.4
2021-10-01,P_ESTACION_VIENTO_ARRIBA_ALBANIA _C_VAAL_06,11.1610849,-72.5856386,11.59
2021-10-04,P_ESTACION_VIENTO_ARRIBA_ALBANIA _C_VAAL_06,11.1610849,-72.5856386,15.42
2021-10-07,P_ESTACION_VIENTO_ARRIBA_ALBANIA _C_VAAL_06,11.1610849,-72.5856386,11.11
2021-10-10,P_ESTACION_VIENTO_ARRIBA_ALBANIA _C_VAAL_06,11.1610849,-72.5856386,12.79
2021-10-13,P_ESTACION_VIENTO_ARRIBA_ALBANIA _C_VAAL_06,11.1610849,-72.5856386,17.96
2021-10-16,P_ESTACION_VIENTO_ARRIBA_ALBANIA _C_VAAL_06,11.1610849,-72.5856386,9.62
2021-10-19,P_ESTACION_VIENTO_ARRIBA_ALBANIA _C_VAAL_06,11.1610849,-72.5856386,13.18
2021-10-22,P_ESTACION_VIENTO_ARRIBA_ALBANIA _C_VAAL_06,11.1610849,-72.5856386,8.86
2021-10-25,P_ESTACION_VIENTO_ARRIBA_ALBANIA _C_VAAL_06,11.1610849,-72.5856386,12.91
2021-10-28,P_ESTACION_VIENTO_ARRIBA_ALBANIA _C_VAAL_06,11.1610849,-72.5856386,23.65
2021-10-31,P_ESTACION_VIENTO_ARRIBA_ALBANIA _C_VAAL_06,11.1610849,-72.5856386,15.91
2021-11-03,P_ESTACION_VIENTO_ARRIBA_ALBANIA _C_VAAL_06,11.1610849,-72.5856386,8.82
2021-11-06,P_ESTACION_VIENTO_ARRIBA_ALBANIA _C_VAAL_06,11.1610849,-72.5856386,8.64
2021-11-09,P_ESTACION_VIENTO_ARRIBA_ALBANIA _C_VAAL_06,11.1610849,-72.5856386,14.5
2021-11-12,P_ESTACION_VIENTO_ARRIBA_ALBANIA _C_VAAL_06,11.1610849,-72.5856386,8.79
2021-11-15,P_ESTACION_VIENTO_ARRIBA_ALBANIA _C_VAAL_06,11.1610849,-72.5856386,7.06
2021-11-18,P_ESTACION_VIENTO_ARRIBA_ALBANIA _C_VAAL_06,11.1610849,-72.5856386,5.31
2021-11-21,P_ESTACION_VIENTO_ARRIBA_ALBANIA _C_VAAL_06,11.1610849,-72.5856386,7.36
2021-11-24,P_ESTACION_VIENTO_ARRIBA_ALBANIA _C_VAAL_06,11.1610849,-72.5856386,6.59
2021-11-27,P_ESTACION_VIENTO_ARRIBA_ALBANIA _C_VAAL_06,11.1610849,-72.5856386,6.89
2021-11-30,P_ESTACION_VIENTO_ARRIBA_ALBANIA _C_VAAL_06,11.1610849,-72.5856386,7.06
2021-12-03,P_ESTACION_VIENTO_ARRIBA_ALBANIA _C_VAAL_06,11.1610849,-72.5856386,7.88
2021-12-06,P_ESTACION_VIENTO_ARRIBA_ALBANIA _C_VAAL_06,11.1610849,-72.5856386,8.22
2021-12-09,P_ESTACION_VIENTO_ARRIBA_ALBANIA _C_VAAL_06,11.1610849,-72.5856386,6.63
2021-12-12,P_ESTACION_VIENTO_ARRIBA_ALBANIA _C_VAAL_06,11.1610849,-72.5856386,8.78
2021-12-15,P_ESTACION_VIENTO_ARRIBA_ALBANIA _C_VAAL_06,11.1610849,-72.5856386,3.88
2021-12-18,P_ESTACION_VIENTO_ARRIBA_ALBANIA _C_VAAL_06,11.1610849,-72.5856386,10.12
2021-12-21,P_ESTACION_VIENTO_ARRIBA_ALBANIA _C_VAAL_06,11.1610849,-72.5856386,7.81
2021-12-24,P_ESTACION_VIENTO_ARRIBA_ALBANIA _C_VAAL_06,11.1610849,-72.5856386,5.71
2021-12-27,P_ESTACION_VIENTO_ARRIBA_ALBANIA _C_VAAL_06,11.1610849,-72.5856386,4.18
2021-12-30,P_ESTACION_VIENTO_ARRIBA_ALBANIA _C_VAAL_06,11.1610849,-72.5856386,5.93
2022-01-02,P_ESTACION_VIENTO_ARRIBA_ALBANIA _C_VAAL_06,11.1610849,-72.5856386,10.38
2022-01-05,P_ESTACION_VIENTO_ARRIBA_ALBANIA _C_VAAL_06,11.1610849,-72.5856386,5.63
2022-01-08,P_ESTACION_VIENTO_ARRIBA_ALBANIA _C_VAAL_06,11.1610849,-72.5856386,10.88
2022-01-11,P_ESTACION_VIENTO_ARRIBA_ALBANIA _C_VAAL_06,11.1610849,-72.5856386,5.7
2022-01-14,P_ESTACION_VIENTO_ARRIBA_ALBANIA _C_VAAL_06,11.1610849,-72.5856386,4.76
2022-01-17,P_ESTACION_VIENTO_ARRIBA_ALBANIA _C_VAAL_06,11.1610849,-72.5856386,7.17
2022-01-20,P_ESTACION_VIENTO_ARRIBA_ALBANIA _C_VAAL_06,11.1610849,-72.5856386,13.2
2022-01-23,P_ESTACION_VIENTO_ARRIBA_ALBANIA _C_VAAL_06,11.1610849,-72.5856386,6.39
2022-01-26,P_ESTACION_VIENTO_ARRIBA_ALBANIA _C_VAAL_06,11.1610849,-72.5856386,7.18
2022-01-29,P_ESTACION_VIENTO_ARRIBA_ALBANIA _C_VAAL_06,11.1610849,-72.5856386,11.68
2022-02-01,P_ESTACION_VIENTO_ARRIBA_ALBANIA _C_VAAL_06,11.1610849,-72.5856386,5.83
2022-02-04,P_ESTACION_VIENTO_ARRIBA_ALBANIA _C_VAAL_06,11.1610849,-72.5856386,7.98
2022-02-07,P_ESTACION_VIENTO_ARRIBA_ALBANIA _C_VAAL_06,11.1610849,-72.5856386,7.5
2022-02-10,P_ESTACION_VIENTO_ARRIBA_ALBANIA _C_VAAL_06,11.1610849,-72.5856386,6.22
2022-02-13,P_ESTACION_VIENTO_ARRIBA_ALBANIA _C_VAAL_06,11.1610849,-72.5856386,7.39
2022-02-16,P_ESTACION_VIENTO_ARRIBA_ALBANIA _C_VAAL_06,11.1610849,-72.5856386,14.17
2022-02-19,P_ESTACION_VIENTO_ARRIBA_ALBANIA _C_VAAL_06,11.1610849,-72.5856386,7.33
2022-02-22,P_ESTACION_VIENTO_ARRIBA_ALBANIA _C_VAAL_06,11.1610849,-72.5856386,5.65
2022-02-25,P_ESTACION_VIENTO_ARRIBA_ALBANIA _C_VAAL_06,11.1610849,-72.5856386,7.09
2022-02-28,P_ESTACION_VIENTO_ARRIBA_ALBANIA _C_VAAL_06,11.1610849,-72.5856386,6.92
2022-03-03,P_ESTACION_VIENTO_ARRIBA_ALBANIA _C_VAAL_06,11.1610849,-72.5856386,6.8
2022-03-06,P_ESTACION_VIENTO_ARRIBA_ALBANIA _C_VAAL_06,11.1610849,-72.5856386,9.84
2022-03-09,P_ESTACION_VIENTO_ARRIBA_ALBANIA _C_VAAL_06,11.1610849,-72.5856386,10.75
2022-03-12,P_ESTACION_VIENTO_ARRIBA_ALBANIA _C_VAAL_06,11.1610849,-72.5856386,6.38
2022-03-15,P_ESTACION_VIENTO_ARRIBA_ALBANIA _C_VAAL_06,11.1610849,-72.5856386,8.97
2022-03-18,P_ESTACION_VIENTO_ARRIBA_ALBANIA _C_VAAL_06,11.1610849,-72.5856386,8.58
2022-03-21,P_ESTACION_VIENTO_ARRIBA_ALBANIA _C_VAAL_06,11.1610849,-72.5856386,9.03
2022-03-24,P_ESTACION_VIENTO_ARRIBA_ALBANIA _C_VAAL_06,11.1610849,-72.5856386,9.56
2022-03-27,P_ESTACION_VIENTO_ARRIBA_ALBANIA _C_VAAL_06,11.1610849,-72.5856386,12.4
2022-03-30,P_ESTACION_VIENTO_ARRIBA_ALBANIA _C_VAAL_06,11.1610849,-72.5856386,13.46
2022-04-02,P_ESTACION_VIENTO_ARRIBA_ALBANIA _C_VAAL_06,11.1610849,-72.5856386,9.32
2022-04-05,P_ESTACION_VIENTO_ARRIBA_ALBANIA _C_VAAL_06,11.1610849,-72.5856386,11.6
2022-04-08,P_ESTACION_VIENTO_ARRIBA_ALBANIA _C_VAAL_06,11.1610849,-72.5856386,16.9
2022-04-11,P_ESTACION_VIENTO_ARRIBA_ALBANIA _C_VAAL_06,11.1610849,-72.5856386,12.0
2022-04-14,P_ESTACION_VIENTO_ARRIBA_ALBANIA _C_VAAL_06,11.1610849,-72.5856386,13.86
2022-04-17,P_ESTACION_VIENTO_ARRIBA_ALBANIA _C_VAAL_06,11.1610849,-72.5856386,24.41
2022-04-20,P_ESTACION_VIENTO_ARRIBA_ALBANIA _C_VAAL_06,11.1610849,-72.5856386,7.76
2022-04-23,P_ESTACION_VIENTO_ARRIBA_ALBANIA _C_VAAL_06,11.1610849,-72.5856386,16.49
2022-04-26,P_ESTACION_VIENTO_ARRIBA_ALBANIA _C_VAAL_06,11.1610849,-72.5856386,7.66
2022-04-29,P_ESTACION_VIENTO_ARRIBA_ALBANIA _C_VAAL_06,11.1610849,-72.5856386,6.82
2022-05-02,P_ESTACION_VIENTO_ARRIBA_ALBANIA _C_VAAL_06,11.1610849,-72.5856386,17.12
2022-05-05,P_ESTACION_VIENTO_ARRIBA_ALBANIA _C_VAAL_06,11.1610849,-72.5856386,11.42
2022-05-08,P_ESTACION_VIENTO_ARRIBA_ALBANIA _C_VAAL_06,11.1610849,-72.5856386,10.34
2022-05-11,P_ESTACION_VIENTO_ARRIBA_ALBANIA _C_VAAL_06,11.1610849,-72.5856386,11.01
2022-05-14,P_ESTACION_VIENTO_ARRIBA_ALBANIA _C_VAAL_06,11.1610849,-72.5856386,15.62
2022-05-17,P_ESTACION_VIENTO_ARRIBA_ALBANIA _C_VAAL_06,11.1610849,-72.5856386,11.91
2022-05-20,P_ESTACION_VIENTO_ARRIBA_ALBANIA _C_VAAL_06,11.1610849,-72.5856386,35.07
2022-05-23,P_ESTACION_VIENTO_ARRIBA_ALBANIA _C_VAAL_06,11.1610849,-72.5856386,24.1
2022-05-26,P_ESTACION_VIENTO_ARRIBA_ALBANIA _C_VAAL_06,11.1610849,-72.5856386,22.26
2022-05-29,P_ESTACION_VIENTO_ARRIBA_ALBANIA _C_VAAL_06,11.1610849,-72.5856386,8.43
2022-06-01,P_ESTACION_VIENTO_ARRIBA_ALBANIA _C_VAAL_06,11.1610849,-72.5856386,9.0
2022-06-04,P_ESTACION_VIENTO_ARRIBA_ALBANIA _C_VAAL_06,11.1610849,-72.5856386,12.0
2022-06-07,P_ESTACION_VIENTO_ARRIBA_ALBANIA _C_VAAL_06,11.1610849,-72.5856386,38.0
2022-06-10,P_ESTACION_VIENTO_ARRIBA_ALBANIA _C_VAAL_06,11.1610849,-72.5856386,18.0
2022-06-16,P_ESTACION_VIENTO_ARRIBA_ALBANIA _C_VAAL_06,11.1610849,-72.5856386,7.0
2022-06-19,P_ESTACION_VIENTO_ARRIBA_ALBANIA _C_VAAL_06,11.1610849,-72.5856386,17.0
2022-06-22,P_ESTACION_VIENTO_ARRIBA_ALBANIA _C_VAAL_06,11.1610849,-72.5856386,25.0
2022-06-25,P_ESTACION_VIENTO_ARRIBA_ALBANIA _C_VAAL_06,11.1610849,-72.5856386,12.0
2022-06-26,P_ESTACION_VIENTO_ARRIBA_ALBANIA _C_VAAL_06,11.1610849,-72.5856386,19.0
2022-06-28,P_ESTACION_VIENTO_ARRIBA_ALBANIA _C_VAAL_06,11.1610849,-72.5856386,8.0
2022-07-01,P_ESTACION_VIENTO_ARRIBA_ALBANIA _C_VAAL_06,11.1610849,-72.5856386,14.29
2022-07-04,P_ESTACION_VIENTO_ARRIBA_ALBANIA _C_VAAL_06,11.1610849,-72.5856386,12.83
2022-07-07,P_ESTACION_VIENTO_ARRIBA_ALBANIA _C_VAAL_06,11.1610849,-72.5856386,9.29
2022-07-10,P_ESTACION_VIENTO_ARRIBA_ALBANIA _C_VAAL_06,11.1610849,-72.5856386,7.55
2022-07-13,P_ESTACION_VIENTO_ARRIBA_ALBANIA _C_VAAL_06,11.1610849,-72.5856386,20.89
2022-07-16,P_ESTACION_VIENTO_ARRIBA_ALBANIA _C_VAAL_06,11.1610849,-72.5856386,9.02
2022-07-19,P_ESTACION_VIENTO_ARRIBA_ALBANIA _C_VAAL_06,11.1610849,-72.5856386,14.44
2022-07-22,P_ESTACION_VIENTO_ARRIBA_ALBANIA _C_VAAL_06,11.1610849,-72.5856386,10.2
2022-07-25,P_ESTACION_VIENTO_ARRIBA_ALBANIA _C_VAAL_06,11.1610849,-72.5856386,13.77
2022-07-28,P_ESTACION_VIENTO_ARRIBA_ALBANIA _C_VAAL_06,11.1610849,-72.5856386,10.83
2022-07-31,P_ESTACION_VIENTO_ARRIBA_ALBANIA _C_VAAL_06,11.1610849,-72.5856386,9.34
2022-08-03,P_ESTACION_VIENTO_ARRIBA_ALBANIA _C_VAAL_06,11.1610849,-72.5856386,17.92
2022-08-06,P_ESTACION_VIENTO_ARRIBA_ALBANIA _C_VAAL_06,11.1610849,-72.5856386,9.96
2022-08-09,P_ESTACION_VIENTO_ARRIBA_ALBANIA _C_VAAL_06,11.1610849,-72.5856386,15.81
2022-08-12,P_ESTACION_VIENTO_ARRIBA_ALBANIA _C_VAAL_06,11.1610849,-72.5856386,15.59
2022-08-15,P_ESTACION_VIENTO_ARRIBA_ALBANIA _C_VAAL_06,11.1610849,-72.5856386,7.97
2022-08-18,P_ESTACION_VIENTO_ARRIBA_ALBANIA _C_VAAL_06,11.1610849,-72.5856386,22.7
2022-08-21,P_ESTACION_VIENTO_ARRIBA_ALBANIA _C_VAAL_06,11.1610849,-72.5856386,9.75
2022-08-24,P_ESTACION_VIENTO_ARRIBA_ALBANIA _C_VAAL_06,11.1610849,-72.5856386,6.4
2022-08-27,P_ESTACION_VIENTO_ARRIBA_ALBANIA _C_VAAL_06,11.1610849,-72.5856386,17.35
2022-08-30,P_ESTACION_VIENTO_ARRIBA_ALBANIA _C_VAAL_06,11.1610849,-72.5856386,10.59
2022-09-02,P_ESTACION_VIENTO_ARRIBA_ALBANIA _C_VAAL_06,11.1610849,-72.5856386,20.43
2022-09-05,P_ESTACION_VIENTO_ARRIBA_ALBANIA _C_VAAL_06,11.1610849,-72.5856386,16.76
2022-09-08,P_ESTACION_VIENTO_ARRIBA_ALBANIA _C_VAAL_06,11.1610849,-72.5856386,22.51
2022-09-11,P_ESTACION_VIENTO_ARRIBA_ALBANIA _C_VAAL_06,11.1610849,-72.5856386,20.14
2022-09-14,P_ESTACION_VIENTO_ARRIBA_ALBANIA _C_VAAL_06,11.1610849,-72.5856386,13.84
2022-09-17,P_ESTACION_VIENTO_ARRIBA_ALBANIA _C_VAAL_06,11.1610849,-72.5856386,14.23
2022-09-20,P_ESTACION_VIENTO_ARRIBA_ALBANIA _C_VAAL_06,11.1610849,-72.5856386,10.24
2022-09-23,P_ESTACION_VIENTO_ARRIBA_ALBANIA _C_VAAL_06,11.1610849,-72.5856386,11.32
2022-09-26,P_ESTACION_VIENTO_ARRIBA_ALBANIA _C_VAAL_06,11.1610849,-72.5856386,7.49
2022-09-29,P_ESTACION_VIENTO_ARRIBA_ALBANIA _C_VAAL_06,11.1610849,-72.5856386,16.87
2022-10-02,P_ESTACION_VIENTO_ARRIBA_ALBANIA _C_VAAL_06,11.1610849,-72.5856386,13.36
2022-10-05,P_ESTACION_VIENTO_ARRIBA_ALBANIA _C_VAAL_06,11.1610849,-72.5856386,12.68
2022-10-09,P_ESTACION_VIENTO_ARRIBA_ALBANIA _C_VAAL_06,11.1610849,-72.5856386,7.45
2022-10-11,P_ESTACION_VIENTO_ARRIBA_ALBANIA _C_VAAL_06,11.1610849,-72.5856386,11.8
2022-10-14,P_ESTACION_VIENTO_ARRIBA_ALBANIA _C_VAAL_06,11.1610849,-72.5856386,12.84
2022-10-17,P_ESTACION_VIENTO_ARRIBA_ALBANIA _C_VAAL_06,11.1610849,-72.5856386,10.45
2022-10-20,P_ESTACION_VIENTO_ARRIBA_ALBANIA _C_VAAL_06,11.1610849,-72.5856386,6.67
2022-10-23,P_ESTACION_VIENTO_ARRIBA_ALBANIA _C_VAAL_06,11.1610849,-72.5856386,7.61
2022-10-26,P_ESTACION_VIENTO_ARRIBA_ALBANIA _C_VAAL_06,11.1610849,-72.5856386,8.04
2022-11-01,P_ESTACION_VIENTO_ARRIBA_ALBANIA _C_VAAL_06,11.1610849,-72.5856386,10.74
2022-11-04,P_ESTACION_VIENTO_ARRIBA_ALBANIA _C_VAAL_06,11.1610849,-72.5856386,6.96
2022-11-07,P_ESTACION_VIENTO_ARRIBA_ALBANIA _C_VAAL_06,11.1610849,-72.5856386,22.05
2022-11-10,P_ESTACION_VIENTO_ARRIBA_ALBANIA _C_VAAL_06,11.1610849,-72.5856386,14.74
2022-11-13,P_ESTACION_VIENTO_ARRIBA_ALBANIA _C_VAAL_06,11.1610849,-72.5856386,15.52
2022-11-16,P_ESTACION_VIENTO_ARRIBA_ALBANIA _C_VAAL_06,11.1610849,-72.5856386,8.04
2022-11-19,P_ESTACION_VIENTO_ARRIBA_ALBANIA _C_VAAL_06,11.1610849,-72.5856386,6.92
2022-11-22,P_ESTACION_VIENTO_ARRIBA_ALBANIA _C_VAAL_06,11.1610849,-72.5856386,5.06
2022-11-25,P_ESTACION_VIENTO_ARRIBA_ALBANIA _C_VAAL_06,11.1610849,-72.5856386,5.66
2022-11-28,P_ESTACION_VIENTO_ARRIBA_ALBANIA _C_VAAL_06,11.1610849,-72.5856386,13.13
2022-12-01,P_ESTACION_VIENTO_ARRIBA_ALBANIA _C_VAAL_06,11.1610849,-72.5856386,5.97
2022-12-04,P_ESTACION_VIENTO_ARRIBA_ALBANIA _C_VAAL_06,11.1610849,-72.5856386,5.3
2022-12-07,P_ESTACION_VIENTO_ARRIBA_ALBANIA _C_VAAL_06,11.1610849,-72.5856386,6.25
2022-12-10,P_ESTACION_VIENTO_ARRIBA_ALBANIA _C_VAAL_06,11.1610849,-72.5856386,4.46
2022-12-13,P_ESTACION_VIENTO_ARRIBA_ALBANIA _C_VAAL_06,11.1610849,-72.5856386,6.87
2022-12-16,P_ESTACION_VIENTO_ARRIBA_ALBANIA _C_VAAL_06,11.1610849,-72.5856386,12.64
2022-12-19,P_ESTACION_VIENTO_ARRIBA_ALBANIA _C_VAAL_06,11.1610849,-72.5856386,12.84
2022-12-22,P_ESTACION_VIENTO_ARRIBA_ALBANIA _C_VAAL_06,11.1610849,-72.5856386,34.34
2022-12-25,P_ESTACION_VIENTO_ARRIBA_ALBANIA _C_VAAL_06,11.1610849,-72.5856386,8.26
2022-12-28,P_ESTACION_VIENTO_ARRIBA_ALBANIA _C_VAAL_06,11.1610849,-72.5856386,8.71
2022-12-31,P_ESTACION_VIENTO_ARRIBA_ALBANIA _C_VAAL_06,11.1610849,-72.5856386,31.17
2023-01-03,P_ESTACION_VIENTO_ARRIBA_ALBANIA _C_VAAL_06,11.1610849,-72.5856386,10.4
2023-01-06,P_ESTACION_VIENTO_ARRIBA_ALBANIA _C_VAAL_06,11.1610849,-72.5856386,6.13
2023-01-09,P_ESTACION_VIENTO_ARRIBA_ALBANIA _C_VAAL_06,11.1610849,-72.5856386,34.46
2023-01-12,P_ESTACION_VIENTO_ARRIBA_ALBANIA _C_VAAL_06,11.1610849,-72.5856386,10.21
2023-01-15,P_ESTACION_VIENTO_ARRIBA_ALBANIA _C_VAAL_06,11.1610849,-72.5856386,34.02
2023-01-18,P_ESTACION_VIENTO_ARRIBA_ALBANIA _C_VAAL_06,11.1610849,-72.5856386,8.18
2023-01-21,P_ESTACION_VIENTO_ARRIBA_ALBANIA _C_VAAL_06,11.1610849,-72.5856386,4.75
2023-01-24,P_ESTACION_VIENTO_ARRIBA_ALBANIA _C_VAAL_06,11.1610849,-72.5856386,16.25
2023-01-27,P_ESTACION_VIENTO_ARRIBA_ALBANIA _C_VAAL_06,11.1610849,-72.5856386,6.05
2023-01-30,P_ESTACION_VIENTO_ARRIBA_ALBANIA _C_VAAL_06,11.1610849,-72.5856386,6.28
2023-02-02,P_ESTACION_VIENTO_ARRIBA_ALBANIA _C_VAAL_06,11.1610849,-72.5856386,5.94
2023-02-05,P_ESTACION_VIENTO_ARRIBA_ALBANIA _C_VAAL_06,11.1610849,-72.5856386,9.01
2023-02-08,P_ESTACION_VIENTO_ARRIBA_ALBANIA _C_VAAL_06,11.1610849,-72.5856386,6.26
2023-02-11,P_ESTACION_VIENTO_ARRIBA_ALBANIA _C_VAAL_06,11.1610849,-72.5856386,6.53
2023-02-14,P_ESTACION_VIENTO_ARRIBA_ALBANIA _C_VAAL_06,11.1610849,-72.5856386,9.6
2023-02-17,P_ESTACION_VIENTO_ARRIBA_ALBANIA _C_VAAL_06,11.1610849,-72.5856386,6.05
2023-02-20,P_ESTACION_VIENTO_ARRIBA_ALBANIA _C_VAAL_06,11.1610849,-72.5856386,9.85
2023-02-23,P_ESTACION_VIENTO_ARRIBA_ALBANIA _C_VAAL_06,11.1610849,-72.5856386,4.55
2023-02-26,P_ESTACION_VIENTO_ARRIBA_ALBANIA _C_VAAL_06,11.1610849,-72.5856386,26.76
2023-03-01,P_ESTACION_VIENTO_ARRIBA_ALBANIA _C_VAAL_06,11.1610849,-72.5856386,11.93
2023-03-04,P_ESTACION_VIENTO_ARRIBA_ALBANIA _C_VAAL_06,11.1610849,-72.5856386,14.7
2023-03-07,P_ESTACION_VIENTO_ARRIBA_ALBANIA _C_VAAL_06,11.1610849,-72.5856386,11.66
2023-03-10,P_ESTACION_VIENTO_ARRIBA_ALBANIA _C_VAAL_06,11.1610849,-72.5856386,9.8
2023-03-13,P_ESTACION_VIENTO_ARRIBA_ALBANIA _C_VAAL_06,11.1610849,-72.5856386,13.52
2023-03-16,P_ESTACION_VIENTO_ARRIBA_ALBANIA _C_VAAL_06,11.1610849,-72.5856386,21.15
2023-03-19,P_ESTACION_VIENTO_ARRIBA_ALBANIA _C_VAAL_06,11.1610849,-72.5856386,9.52
2023-03-22,P_ESTACION_VIENTO_ARRIBA_ALBANIA _C_VAAL_06,11.1610849,-72.5856386,13.8
2023-03-25,P_ESTACION_VIENTO_ARRIBA_ALBANIA _C_VAAL_06,11.1610849,-72.5856386,9.9
2023-03-28,P_ESTACION_VIENTO_ARRIBA_ALBANIA _C_VAAL_06,11.1610849,-72.5856386,9.16
2023-03-31,P_ESTACION_VIENTO_ARRIBA_ALBANIA _C_VAAL_06,11.1610849,-72.5856386,8.17
2023-04-03,P_ESTACION_VIENTO_ARRIBA_ALBANIA _C_VAAL_06,11.1610849,-72.5856386,8.85
2023-04-06,P_ESTACION_VIENTO_ARRIBA_ALBANIA _C_VAAL_06,11.1610849,-72.5856386,11.26
2023-04-09,P_ESTACION_VIENTO_ARRIBA_ALBANIA _C_VAAL_06,11.1610849,-72.5856386,24.98
2023-04-12,P_ESTACION_VIENTO_ARRIBA_ALBANIA _C_VAAL_06,11.1610849,-72.5856386,15.65
2023-04-15,P_ESTACION_VIENTO_ARRIBA_ALBANIA _C_VAAL_06,11.1610849,-72.5856386,14.67
2023-04-18,P_ESTACION_VIENTO_ARRIBA_ALBANIA _C_VAAL_06,11.1610849,-72.5856386,12.6
2023-04-21,P_ESTACION_VIENTO_ARRIBA_ALBANIA _C_VAAL_06,11.1610849,-72.5856386,12.32
2023-04-24,P_ESTACION_VIENTO_ARRIBA_ALBANIA _C_VAAL_06,11.1610849,-72.5856386,12.11
2023-04-27,P_ESTACION_VIENTO_ARRIBA_ALBANIA _C_VAAL_06,11.1610849,-72.5856386,7.18
2023-04-30,P_ESTACION_VIENTO_ARRIBA_ALBANIA _C_VAAL_06,11.1610849,-72.5856386,13.08
2023-05-03,P_ESTACION_VIENTO_ARRIBA_ALBANIA _C_VAAL_06,11.1610849,-72.5856386,19.91
2023-05-06,P_ESTACION_VIENTO_ARRIBA_ALBANIA _C_VAAL_06,11.1610849,-72.5856386,21.47
2023-05-09,P_ESTACION_VIENTO_ARRIBA_ALBANIA _C_VAAL_06,11.1610849,-72.5856386,18.05
2023-05-12,P_ESTACION_VIENTO_ARRIBA_ALBANIA _C_VAAL_06,11.1610849,-72.5856386,39.61
2023-05-15,P_ESTACION_VIENTO_ARRIBA_ALBANIA _C_VAAL_06,11.1610849,-72.5856386,16.7
2023-05-18,P_ESTACION_VIENTO_ARRIBA_ALBANIA _C_VAAL_06,11.1610849,-72.5856386,15.13
2023-05-21,P_ESTACION_VIENTO_ARRIBA_ALBANIA _C_VAAL_06,11.1610849,-72.5856386,14.35
2023-05-24,P_ESTACION_VIENTO_ARRIBA_ALBANIA _C_VAAL_06,11.1610849,-72.5856386,12.82
2023-05-27,P_ESTACION_VIENTO_ARRIBA_ALBANIA _C_VAAL_06,11.1610849,-72.5856386,13.31
2023-05-30,P_ESTACION_VIENTO_ARRIBA_ALBANIA _C_VAAL_06,11.1610849,-72.5856386,21.33
2023-06-02,P_ESTACION_VIENTO_ARRIBA_ALBANIA _C_VAAL_06,11.1610849,-72.5856386,11.59
2023-06-05,P_ESTACION_VIENTO_ARRIBA_ALBANIA _C_VAAL_06,11.1610849,-72.5856386,9.73
2023-06-08,P_ESTACION_VIENTO_ARRIBA_ALBANIA _C_VAAL_06,11.1610849,-72.5856386,21.55
2023-06-11,P_ESTACION_VIENTO_ARRIBA_ALBANIA _C_VAAL_06,11.1610849,-72.5856386,13.28
2023-06-14,P_ESTACION_VIENTO_ARRIBA_ALBANIA _C_VAAL_06,11.1610849,-72.5856386,9.01
2023-06-17,P_ESTACION_VIENTO_ARRIBA_ALBANIA _C_VAAL_06,11.1610849,-72.5856386,7.23
2023-06-20,P_ESTACION_VIENTO_ARRIBA_ALBANIA _C_VAAL_06,11.1610849,-72.5856386,8.78
2023-06-23,P_ESTACION_VIENTO_ARRIBA_ALBANIA _C_VAAL_06,11.1610849,-72.5856386,13.92
2023-06-26,P_ESTACION_VIENTO_ARRIBA_ALBANIA _C_VAAL_06,11.1610849,-72.5856386,19.89
2023-06-29,P_ESTACION_VIENTO_ARRIBA_ALBANIA _C_VAAL_06,11.1610849,-72.5856386,8.07
2023-07-02,P_ESTACION_VIENTO_ARRIBA_ALBANIA _C_VAAL_06,11.1610849,-72.5856386,8.19
2023-07-05,P_ESTACION_VIENTO_ARRIBA_ALBANIA _C_VAAL_06,11.1610849,-72.5856386,10.25
2023-07-08,P_ESTACION_VIENTO_ARRIBA_ALBANIA _C_VAAL_06,11.1610849,-72.5856386,16.43
2023-07-11,P_ESTACION_VIENTO_ARRIBA_ALBANIA _C_VAAL_06,11.1610849,-72.5856386,11.69
2023-07-14,P_ESTACION_VIENTO_ARRIBA_ALBANIA _C_VAAL_06,11.1610849,-72.5856386,12.12
2023-07-17,P_ESTACION_VIENTO_ARRIBA_ALBANIA _C_VAAL_06,11.1610849,-72.5856386,13.8
2023-07-20,P_ESTACION_VIENTO_ARRIBA_ALBANIA _C_VAAL_06,11.1610849,-72.5856386,11.94
2023-07-23,P_ESTACION_VIENTO_ARRIBA_ALBANIA _C_VAAL_06,11.1610849,-72.5856386,20.02
2023-07-26,P_ESTACION_VIENTO_ARRIBA_ALBANIA _C_VAAL_06,11.1610849,-72.5856386,13.36
2023-07-29,P_ESTACION_VIENTO_ARRIBA_ALBANIA _C_VAAL_06,11.1610849,-72.5856386,17.04
2023-08-01,P_ESTACION_VIENTO_ARRIBA_ALBANIA _C_VAAL_06,11.1610849,-72.5856386,14.44
2023-08-04,P_ESTACION_VIENTO_ARRIBA_ALBANIA _C_VAAL_06,11.1610849,-72.5856386,12.47
2023-08-07,P_ESTACION_VIENTO_ARRIBA_ALBANIA _C_VAAL_06,11.1610849,-72.5856386,11.74
2023-08-13,P_ESTACION_VIENTO_ARRIBA_ALBANIA _C_VAAL_06,11.1610849,-72.5856386,22.35
2023-08-15,P_ESTACION_VIENTO_ARRIBA_ALBANIA _C_VAAL_06,11.1610849,-72.5856386,20.38
2023-08-16,P_ESTACION_VIENTO_ARRIBA_ALBANIA _C_VAAL_06,11.1610849,-72.5856386,25.16
2023-08-19,P_ESTACION_VIENTO_ARRIBA_ALBANIA _C_VAAL_06,11.1610849,-72.5856386,20.63
2023-08-22,P_ESTACION_VIENTO_ARRIBA_ALBANIA _C_VAAL_06,11.1610849,-72.5856386,10.54
2023-08-25,P_ESTACION_VIENTO_ARRIBA_ALBANIA _C_VAAL_06,11.1610849,-72.5856386,11.42
2023-08-28,P_ESTACION_VIENTO_ARRIBA_ALBANIA _C_VAAL_06,11.1610849,-72.5856386,29.25
2023-08-31,P_ESTACION_VIENTO_ARRIBA_ALBANIA _C_VAAL_06,11.1610849,-72.5856386,12.43
2023-09-03,P_ESTACION_VIENTO_ARRIBA_ALBANIA _C_VAAL_06,11.1610849,-72.5856386,14.62
2023-09-06,P_ESTACION_VIENTO_ARRIBA_ALBANIA _C_VAAL_06,11.1610849,-72.5856386,24.19
2023-09-09,P_ESTACION_VIENTO_ARRIBA_ALBANIA _C_VAAL_06,11.1610849,-72.5856386,11.67
2023-09-12,P_ESTACION_VIENTO_ARRIBA_ALBANIA _C_VAAL_06,11.1610849,-72.5856386,12.71
2023-09-15,P_ESTACION_VIENTO_ARRIBA_ALBANIA _C_VAAL_06,11.1610849,-72.5856386,18.81
2023-09-18,P_ESTACION_VIENTO_ARRIBA_ALBANIA _C_VAAL_06,11.1610849,-72.5856386,12.7
2023-09-21,P_ESTACION_VIENTO_ARRIBA_ALBANIA _C_VAAL_06,11.1610849,-72.5856386,8.71
2023-09-24,P_ESTACION_VIENTO_ARRIBA_ALBANIA _C_VAAL_06,11.1610849,-72.5856386,13.15
2023-09-27,P_ESTACION_VIENTO_ARRIBA_ALBANIA _C_VAAL_06,11.1610849,-72.5856386,11.1
2023-09-30,P_ESTACION_VIENTO_ARRIBA_ALBANIA _C_VAAL_06,11.1610849,-72.5856386,10.64
2023-10-03,P_ESTACION_VIENTO_ARRIBA_ALBANIA _C_VAAL_06,11.1610849,-72.5856386,19.24
2023-10-06,P_ESTACION_VIENTO_ARRIBA_ALBANIA _C_VAAL_06,11.1610849,-72.5856386,5.38
2023-10-09,P_ESTACION_VIENTO_ARRIBA_ALBANIA _C_VAAL_06,11.1610849,-72.5856386,15.55
2023-10-12,P_ESTACION_VIENTO_ARRIBA_ALBANIA _C_VAAL_06,11.1610849,-72.5856386,10.48
2023-10-15,P_ESTACION_VIENTO_ARRIBA_ALBANIA _C_VAAL_06,11.1610849,-72.5856386,38.05
2023-10-18,P_ESTACION_VIENTO_ARRIBA_ALBANIA _C_VAAL_06,11.1610849,-72.5856386,12.0
2023-10-21,P_ESTACION_VIENTO_ARRIBA_ALBANIA _C_VAAL_06,11.1610849,-72.5856386,11.83
2023-10-24,P_ESTACION_VIENTO_ARRIBA_ALBANIA _C_VAAL_06,11.1610849,-72.5856386,7.68
2023-10-27,P_ESTACION_VIENTO_ARRIBA_ALBANIA _C_VAAL_06,11.1610849,-72.5856386,7.24
2023-10-30,P_ESTACION_VIENTO_ARRIBA_ALBANIA _C_VAAL_06,11.1610849,-72.5856386,20.79
2023-11-02,P_ESTACION_VIENTO_ARRIBA_ALBANIA _C_VAAL_06,11.1610849,-72.5856386,15.93
2023-11-05,P_ESTACION_VIENTO_ARRIBA_ALBANIA _C_VAAL_06,11.1610849,-72.5856386,7.72
2023-11-08,P_ESTACION_VIENTO_ARRIBA_ALBANIA _C_VAAL_06,11.1610849,-72.5856386,8.28
2023-11-11,P_ESTACION_VIENTO_ARRIBA_ALBANIA _C_VAAL_06,11.1610849,-72.5856386,6.55
2023-11-14,P_ESTACION_VIENTO_ARRIBA_ALBANIA _C_VAAL_06,11.1610849,-72.5856386,6.68
2023-11-17,P_ESTACION_VIENTO_ARRIBA_ALBANIA _C_VAAL_06,11.1610849,-72.5856386,19.82
2023-11-20,P_ESTACION_VIENTO_ARRIBA_ALBANIA _C_VAAL_06,11.1610849,-72.5856386,8.65
2023-11-23,P_ESTACION_VIENTO_ARRIBA_ALBANIA _C_VAAL_06,11.1610849,-72.5856386,9.31
2023-11-26,P_ESTACION_VIENTO_ARRIBA_ALBANIA _C_VAAL_06,11.1610849,-72.5856386,4.48
2023-11-29,P_ESTACION_VIENTO_ARRIBA_ALBANIA _C_VAAL_06,11.1610849,-72.5856386,9.59
2023-12-01,P_ESTACION_VIENTO_ARRIBA_ALBANIA _C_VAAL_06,11.1610849,-72.5856386,11.2
2023-12-02,P_ESTACION_VIENTO_ARRIBA_ALBANIA _C_VAAL_06,11.1610849,-72.5856386,9.5
2023-12-03,P_ESTACION_VIENTO_ARRIBA_ALBANIA _C_VAAL_06,11.1610849,-72.5856386,8.0
2023-12-04,P_ESTACION_VIENTO_ARRIBA_ALBANIA _C_VAAL_06,11.1610849,-72.5856386,7.4
2023-12-05,P_ESTACION_VIENTO_ARRIBA_ALBANIA _C_VAAL_06,11.1610849,-72.5856386,8.2
2023-12-06,P_ESTACION_VIENTO_ARRIBA_ALBANIA _C_VAAL_06,11.1610849,-72.5856386,8.7
2023-12-07,P_ESTACION_VIENTO_ARRIBA_ALBANIA _C_VAAL_06,11.1610849,-72.5856386,7.4
2023-12-08,P_ESTACION_VIENTO_ARRIBA_ALBANIA _C_VAAL_06,11.1610849,-72.5856386,5.5
2023-12-09,P_ESTACION_VIENTO_ARRIBA_ALBANIA _C_VAAL_06,11.1610849,-72.5856386,6.2
2023-12-10,P_ESTACION_VIENTO_ARRIBA_ALBANIA _C_VAAL_06,11.1610849,-72.5856386,11.2
2023-12-11,P_ESTACION_VIENTO_ARRIBA_ALBANIA _C_VAAL_06,11.1610849,-72.5856386,34.2
2023-12-12,P_ESTACION_VIENTO_ARRIBA_ALBANIA _C_VAAL_06,11.1610849,-72.5856386,95.9
2023-12-13,P_ESTACION_VIENTO_ARRIBA_ALBANIA _C_VAAL_06,11.1610849,-72.5856386,20.3
2023-12-14,P_ESTACION_VIENTO_ARRIBA_ALBANIA _C_VAAL_06,11.1610849,-72.5856386,18.9
2023-12-15,P_ESTACION_VIENTO_ARRIBA_ALBANIA _C_VAAL_06,11.1610849,-72.5856386,20.9
2023-12-16,P_ESTACION_VIENTO_ARRIBA_ALBANIA _C_VAAL_06,11.1610849,-72.5856386,11.2
2023-12-17,P_ESTACION_VIENTO_ARRIBA_ALBANIA _C_VAAL_06,11.1610849,-72.5856386,9.7
2023-12-18,P_ESTACION_VIENTO_ARRIBA_ALBANIA _C_VAAL_06,11.1610849,-72.5856386,9.2
2023-12-19,P_ESTACION_VIENTO_ARRIBA_ALBANIA _C_VAAL_06,11.1610849,-72.5856386,8.0
2023-12-20,P_ESTACION_VIENTO_ARRIBA_ALBANIA _C_VAAL_06,11.1610849,-72.5856386,17.9
2023-12-21,P_ESTACION_VIENTO_ARRIBA_ALBANIA _C_VAAL_06,11.1610849,-72.5856386,3.8
2023-12-22,P_ESTACION_VIENTO_ARRIBA_ALBANIA _C_VAAL_06,11.1610849,-72.5856386,5.8
2023-12-23,P_ESTACION_VIENTO_ARRIBA_ALBANIA _C_VAAL_06,11.1610849,-72.5856386,8.8
2023-12-24,P_ESTACION_VIENTO_ARRIBA_ALBANIA _C_VAAL_06,11.1610849,-72.5856386,10.6
2023-12-25,P_ESTACION_VIENTO_ARRIBA_ALBANIA _C_VAAL_06,11.1610849,-72.5856386,32.2
2023-12-26,P_ESTACION_VIENTO_ARRIBA_ALBANIA _C_VAAL_06,11.1610849,-72.5856386,41.4
2023-12-27,P_ESTACION_VIENTO_ARRIBA_ALBANIA _C_VAAL_06,11.1610849,-72.5856386,33.2
2023-12-28,P_ESTACION_VIENTO_ARRIBA_ALBANIA _C_VAAL_06,11.1610849,-72.5856386,19.6
2023-12-29,P_ESTACION_VIENTO_ARRIBA_ALBANIA _C_VAAL_06,11.1610849,-72.5856386,15.0
2023-12-30,P_ESTACION_VIENTO_ARRIBA_ALBANIA _C_VAAL_06,11.1610849,-72.5856386,7.3
2023-12-31,P_ESTACION_VIENTO_ARRIBA_ALBANIA _C_VAAL_06,11.1610849,-72.5856386,5.8
2024-01-01,P_ESTACION_VIENTO_ARRIBA_ALBANIA _C_VAAL_06,11.1610849,-72.5856386,8.6
2024-01-04,P_ESTACION_VIENTO_ARRIBA_ALBANIA _C_VAAL_06,11.1610849,-72.5856386,10.3
2024-01-05,P_ESTACION_VIENTO_ARRIBA_ALBANIA _C_VAAL_06,11.1610849,-72.5856386,12.0
2024-01-06,P_ESTACION_VIENTO_ARRIBA_ALBANIA _C_VAAL_06,11.1610849,-72.5856386,11.0
2024-01-07,P_ESTACION_VIENTO_ARRIBA_ALBANIA _C_VAAL_06,11.1610849,-72.5856386,11.2
2024-01-08,P_ESTACION_VIENTO_ARRIBA_ALBANIA _C_VAAL_06,11.1610849,-72.5856386,10.6
2024-01-09,P_ESTACION_VIENTO_ARRIBA_ALBANIA _C_VAAL_06,11.1610849,-72.5856386,9.4
2024-01-10,P_ESTACION_VIENTO_ARRIBA_ALBANIA _C_VAAL_06,11.1610849,-72.5856386,9.9
2024-01-11,P_ESTACION_VIENTO_ARRIBA_ALBANIA _C_VAAL_06,11.1610849,-72.5856386,9.8
2024-01-12,P_ESTACION_VIENTO_ARRIBA_ALBANIA _C_VAAL_06,11.1610849,-72.5856386,8.8
2024-01-13,P_ESTACION_VIENTO_ARRIBA_ALBANIA _C_VAAL_06,11.1610849,-72.5856386,8.0
2024-01-14,P_ESTACION_VIENTO_ARRIBA_ALBANIA _C_VAAL_06,11.1610849,-72.5856386,8.0
2024-01-15,P_ESTACION_VIENTO_ARRIBA_ALBANIA _C_VAAL_06,11.1610849,-72.5856386,8.4
2024-01-16,P_ESTACION_VIENTO_ARRIBA_ALBANIA _C_VAAL_06,11.1610849,-72.5856386,9.4
2024-01-17,P_ESTACION_VIENTO_ARRIBA_ALBANIA _C_VAAL_06,11.1610849,-72.5856386,13.4
2024-01-18,P_ESTACION_VIENTO_ARRIBA_ALBANIA _C_VAAL_06,11.1610849,-72.5856386,9.4
2024-01-19,P_ESTACION_VIENTO_ARRIBA_ALBANIA _C_VAAL_06,11.1610849,-72.5856386,10.3
2024-01-20,P_ESTACION_VIENTO_ARRIBA_ALBANIA _C_VAAL_06,11.1610849,-72.5856386,11.0
2024-01-21,P_ESTACION_VIENTO_ARRIBA_ALBANIA _C_VAAL_06,11.1610849,-72.5856386,10.6
2024-01-22,P_ESTACION_VIENTO_ARRIBA_ALBANIA _C_VAAL_06,11.1610849,-72.5856386,11.3
2024-01-23,P_ESTACION_VIENTO_ARRIBA_ALBANIA _C_VAAL_06,11.1610849,-72.5856386,10.0
2024-01-24,P_ESTACION_VIENTO_ARRIBA_ALBANIA _C_VAAL_06,11.1610849,-72.5856386,10.7
2024-01-25,P_ESTACION_VIENTO_ARRIBA_ALBANIA _C_VAAL_06,11.1610849,-72.5856386,9.9
2024-01-26,P_ESTACION_VIENTO_ARRIBA_ALBANIA _C_VAAL_06,11.1610849,-72.5856386,10.2
2024-01-27,P_ESTACION_VIENTO_ARRIBA_ALBANIA _C_VAAL_06,11.1610849,-72.5856386,14.3
2024-01-28,P_ESTACION_VIENTO_ARRIBA_ALBANIA _C_VAAL_06,11.1610849,-72.5856386,7.6
2024-01-29,P_ESTACION_VIENTO_ARRIBA_ALBANIA _C_VAAL_06,11.1610849,-72.5856386,9.6
2024-01-30,P_ESTACION_VIENTO_ARRIBA_ALBANIA _C_VAAL_06,11.1610849,-72.5856386,11.3
2024-01-31,P_ESTACION_VIENTO_ARRIBA_ALBANIA _C_VAAL_06,11.1610849,-72.5856386,13.8
2024-02-01,P_ESTACION_VIENTO_ARRIBA_ALBANIA _C_VAAL_06,11.1610849,-72.5856386,23.7
2024-02-02,P_ESTACION_VIENTO_ARRIBA_ALBANIA _C_VAAL_06,11.1610849,-72.5856386,25.4
2024-02-03,P_ESTACION_VIENTO_ARRIBA_ALBANIA _C_VAAL_06,11.1610849,-72.5856386,34.7
2024-02-04,P_ESTACION_VIENTO_ARRIBA_ALBANIA _C_VAAL_06,11.1610849,-72.5856386,27.5
2024-02-05,P_ESTACION_VIENTO_ARRIBA_ALBANIA _C_VAAL_06,11.1610849,-72.5856386,19.5
2024-02-06,P_ESTACION_VIENTO_ARRIBA_ALBANIA _C_VAAL_06,11.1610849,-72.5856386,32.1
2024-02-07,P_ESTACION_VIENTO_ARRIBA_ALBANIA _C_VAAL_06,11.1610849,-72.5856386,8.0
2024-02-08,P_ESTACION_VIENTO_ARRIBA_ALBANIA _C_VAAL_06,11.1610849,-72.5856386,9.0
2024-02-09,P_ESTACION_VIENTO_ARRIBA_ALBANIA _C_VAAL_06,11.1610849,-72.5856386,6.8
2024-02-10,P_ESTACION_VIENTO_ARRIBA_ALBANIA _C_VAAL_06,11.1610849,-72.5856386,9.7
2024-02-11,P_ESTACION_VIENTO_ARRIBA_ALBANIA _C_VAAL_06,11.1610849,-72.5856386,19.1
2024-02-12,P_ESTACION_VIENTO_ARRIBA_ALBANIA _C_VAAL_06,11.1610849,-72.5856386,20.5
2024-02-13,P_ESTACION_VIENTO_ARRIBA_ALBANIA _C_VAAL_06,11.1610849,-72.5856386,21.6
2024-02-14,P_ESTACION_VIENTO_ARRIBA_ALBANIA _C_VAAL_06,11.1610849,-72.5856386,32.0
2024-02-15,P_ESTACION_VIENTO_ARRIBA_ALBANIA _C_VAAL_06,11.1610849,-72.5856386,36.9
2024-02-16,P_ESTACION_VIENTO_ARRIBA_ALBANIA _C_VAAL_06,11.1610849,-72.5856386,29.0
2024-02-17,P_ESTACION_VIENTO_ARRIBA_ALBANIA _C_VAAL_06,11.1610849,-72.5856386,27.0
2024-02-18,P_ESTACION_VIENTO_ARRIBA_ALBANIA _C_VAAL_06,11.1610849,-72.5856386,27.1
2024-02-19,P_ESTACION_VIENTO_ARRIBA_ALBANIA _C_VAAL_06,11.1610849,-72.5856386,24.2
2024-02-20,P_ESTACION_VIENTO_ARRIBA_ALBANIA _C_VAAL_06,11.1610849,-72.5856386,21.4
2024-02-21,P_ESTACION_VIENTO_ARRIBA_ALBANIA _C_VAAL_06,11.1610849,-72.5856386,20.3
2024-02-22,P_ESTACION_VIENTO_ARRIBA_ALBANIA _C_VAAL_06,11.1610849,-72.5856386,16.9
2024-02-23,P_ESTACION_VIENTO_ARRIBA_ALBANIA _C_VAAL_06,11.1610849,-72.5856386,15.6
2024-02-24,P_ESTACION_VIENTO_ARRIBA_ALBANIA _C_VAAL_06,11.1610849,-72.5856386,9.9
2024-02-25,P_ESTACION_VIENTO_ARRIBA_ALBANIA _C_VAAL_06,11.1610849,-72.5856386,10.9
2024-02-26,P_ESTACION_VIENTO_ARRIBA_ALBANIA _C_VAAL_06,11.1610849,-72.5856386,27.9
2024-02-27,P_ESTACION_VIENTO_ARRIBA_ALBANIA _C_VAAL_06,11.1610849,-72.5856386,23.3
2024-02-28,P_ESTACION_VIENTO_ARRIBA_ALBANIA _C_VAAL_06,11.1610849,-72.5856386,18.0
2024-02-29,P_ESTACION_VIENTO_ARRIBA_ALBANIA _C_VAAL_06,11.1610849,-72.5856386,10.5
2024-03-01,P_ESTACION_VIENTO_ARRIBA_ALBANIA _C_VAAL_06,11.1610849,-72.5856386,7.6
2024-03-02,P_ESTACION_VIENTO_ARRIBA_ALBANIA _C_VAAL_06,11.1610849,-72.5856386,6.1
2024-03-03,P_ESTACION_VIENTO_ARRIBA_ALBANIA _C_VAAL_06,11.1610849,-72.5856386,5.8
2024-03-04,P_ESTACION_VIENTO_ARRIBA_ALBANIA _C_VAAL_06,11.1610849,-72.5856386,6.7
2024-03-05,P_ESTACION_VIENTO_ARRIBA_ALBANIA _C_VAAL_06,11.1610849,-72.5856386,9.1
2024-03-06,P_ESTACION_VIENTO_ARRIBA_ALBANIA _C_VAAL_06,11.1610849,-72.5856386,11.6
2024-03-07,P_ESTACION_VIENTO_ARRIBA_ALBANIA _C_VAAL_06,11.1610849,-72.5856386,24.7
2024-03-08,P_ESTACION_VIENTO_ARRIBA_ALBANIA _C_VAAL_06,11.1610849,-72.5856386,22.2
2024-03-09,P_ESTACION_VIENTO_ARRIBA_ALBANIA _C_VAAL_06,11.1610849,-72.5856386,23.3
2024-03-10,P_ESTACION_VIENTO_ARRIBA_ALBANIA _C_VAAL_06,11.1610849,-72.5856386,26.6
2024-03-11,P_ESTACION_VIENTO_ARRIBA_ALBANIA _C_VAAL_06,11.1610849,-72.5856386,11.2
2024-03-12,P_ESTACION_VIENTO_ARRIBA_ALBANIA _C_VAAL_06,11.1610849,-72.5856386,11.5
2024-03-13,P_ESTACION_VIENTO_ARRIBA_ALBANIA _C_VAAL_06,11.1610849,-72.5856386,11.7
2024-03-14,P_ESTACION_VIENTO_ARRIBA_ALBANIA _C_VAAL_06,11.1610849,-72.5856386,13.3
2024-03-15,P_ESTACION_VIENTO_ARRIBA_ALBANIA _C_VAAL_06,11.1610849,-72.5856386,13.5
2024-03-16,P_ESTACION_VIENTO_ARRIBA_ALBANIA _C_VAAL_06,11.1610849,-72.5856386,16.1
2024-03-17,P_ESTACION_VIENTO_ARRIBA_ALBANIA _C_VAAL_06,11.1610849,-72.5856386,17.2
2024-03-18,P_ESTACION_VIENTO_ARRIBA_ALBANIA _C_VAAL_06,11.1610849,-72.5856386,23.5
2024-03-19,P_ESTACION_VIENTO_ARRIBA_ALBANIA _C_VAAL_06,11.1610849,-72.5856386,26.5
2024-03-20,P_ESTACION_VIENTO_ARRIBA_ALBANIA _C_VAAL_06,11.1610849,-72.5856386,30.0
2024-03-21,P_ESTACION_VIENTO_ARRIBA_ALBANIA _C_VAAL_06,11.1610849,-72.5856386,18.6
2024-03-22,P_ESTACION_VIENTO_ARRIBA_ALBANIA _C_VAAL_06,11.1610849,-72.5856386,14.6
2024-03-23,P_ESTACION_VIENTO_ARRIBA_ALBANIA _C_VAAL_06,11.1610849,-72.5856386,14.5
2024-03-24,P_ESTACION_VIENTO_ARRIBA_ALBANIA _C_VAAL_06,11.1610849,-72.5856386,17.5
2024-03-25,P_ESTACION_VIENTO_ARRIBA_ALBANIA _C_VAAL_06,11.1610849,-72.5856386,17.5
2024-03-26,P_ESTACION_VIENTO_ARRIBA_ALBANIA _C_VAAL_06,11.1610849,-72.5856386,14.6
2024-03-27,P_ESTACION_VIENTO_ARRIBA_ALBANIA _C_VAAL_06,11.1610849,-72.5856386,11.1
2024-03-28,P_ESTACION_VIENTO_ARRIBA_ALBANIA _C_VAAL_06,11.1610849,-72.5856386,9.8
2024-03-29,P_ESTACION_VIENTO_ARRIBA_ALBANIA _C_VAAL_06,11.1610849,-72.5856386,9.4
2024-03-30,P_ESTACION_VIENTO_ARRIBA_ALBANIA _C_VAAL_06,11.1610849,-72.5856386,10.2
2024-03-31,P_ESTACION_VIENTO_ARRIBA_ALBANIA _C_VAAL_06,11.1610849,-72.5856386,11.1
2024-04-01,P_ESTACION_VIENTO_ARRIBA_ALBANIA _C_VAAL_06,11.1610849,-72.5856386,11.7
2024-04-02,P_ESTACION_VIENTO_ARRIBA_ALBANIA _C_VAAL_06,11.1610849,-72.5856386,9.6
2024-04-03,P_ESTACION_VIENTO_ARRIBA_ALBANIA _C_VAAL_06,11.1610849,-72.5856386,12.5
2024-04-04,P_ESTACION_VIENTO_ARRIBA_ALBANIA _C_VAAL_06,11.1610849,-72.5856386,15.0
2024-04-05,P_ESTACION_VIENTO_ARRIBA_ALBANIA _C_VAAL_06,11.1610849,-72.5856386,14.1
2024-04-06,P_ESTACION_VIENTO_ARRIBA_ALBANIA _C_VAAL_06,11.1610849,-72.5856386,21.6
2024-04-07,P_ESTACION_VIENTO_ARRIBA_ALBANIA _C_VAAL_06,11.1610849,-72.5856386,26.7
2024-04-08,P_ESTACION_VIENTO_ARRIBA_ALBANIA _C_VAAL_06,11.1610849,-72.5856386,24.4
2024-04-09,P_ESTACION_VIENTO_ARRIBA_ALBANIA _C_VAAL_06,11.1610849,-72.5856386,16.9
2024-04-10,P_ESTACION_VIENTO_ARRIBA_ALBANIA _C_VAAL_06,11.1610849,-72.5856386,11.1
2024-04-11,P_ESTACION_VIENTO_ARRIBA_ALBANIA _C_VAAL_06,11.1610849,-72.5856386,11.9
2024-04-12,P_ESTACION_VIENTO_ARRIBA_ALBANIA _C_VAAL_06,11.1610849,-72.5856386,13.9
2024-04-13,P_ESTACION_VIENTO_ARRIBA_ALBANIA _C_VAAL_06,11.1610849,-72.5856386,15.8
2024-04-14,P_ESTACION_VIENTO_ARRIBA_ALBANIA _C_VAAL_06,11.1610849,-72.5856386,10.5
2024-04-15,P_ESTACION_VIENTO_ARRIBA_ALBANIA _C_VAAL_06,11.1610849,-72.5856386,8.8
2024-04-16,P_ESTACION_VIENTO_ARRIBA_ALBANIA _C_VAAL_06,11.1610849,-72.5856386,19.9
2024-04-17,P_ESTACION_VIENTO_ARRIBA_ALBANIA _C_VAAL_06,11.1610849,-72.5856386,17.2
2024-04-18,P_ESTACION_VIENTO_ARRIBA_ALBANIA _C_VAAL_06,11.1610849,-72.5856386,19.7
2024-04-19,P_ESTACION_VIENTO_ARRIBA_ALBANIA _C_VAAL_06,11.1610849,-72.5856386,20.7
2024-04-20,P_ESTACION_VIENTO_ARRIBA_ALBANIA _C_VAAL_06,11.1610849,-72.5856386,20.1
2024-04-21,P_ESTACION_VIENTO_ARRIBA_ALBANIA _C_VAAL_06,11.1610849,-72.5856386,68.05
2024-04-22,P_ESTACION_VIENTO_ARRIBA_ALBANIA _C_VAAL_06,11.1610849,-72.5856386,67.3
2024-04-23,P_ESTACION_VIENTO_ARRIBA_ALBANIA _C_VAAL_06,11.1610849,-72.5856386,40.2
2024-04-24,P_ESTACION_VIENTO_ARRIBA_ALBANIA _C_VAAL_06,11.1610849,-72.5856386,35.3
2024-04-25,P_ESTACION_VIENTO_ARRIBA_ALBANIA _C_VAAL_06,11.1610849,-72.5856386,35.2
2024-04-26,P_ESTACION_VIENTO_ARRIBA_ALBANIA _C_VAAL_06,11.1610849,-72.5856386,30.0
2024-04-27,P_ESTACION_VIENTO_ARRIBA_ALBANIA _C_VAAL_06,11.1610849,-72.5856386,13.6
2024-04-28,P_ESTACION_VIENTO_ARRIBA_ALBANIA _C_VAAL_06,11.1610849,-72.5856386,8.2
2024-04-29,P_ESTACION_VIENTO_ARRIBA_ALBANIA _C_VAAL_06,11.1610849,-72.5856386,7.4
2024-04-30,P_ESTACION_VIENTO_ARRIBA_ALBANIA _C_VAAL_06,11.1610849,-72.5856386,6.9
2024-05-01,P_ESTACION_VIENTO_ARRIBA_ALBANIA _C_VAAL_06,11.1610849,-72.5856386,11.1
2024-05-02,P_ESTACION_VIENTO_ARRIBA_ALBANIA _C_VAAL_06,11.1610849,-72.5856386,17.9
2024-05-03,P_ESTACION_VIENTO_ARRIBA_ALBANIA _C_VAAL_06,11.1610849,-72.5856386,19.25
2024-05-04,P_ESTACION_VIENTO_ARRIBA_ALBANIA _C_VAAL_06,11.1610849,-72.5856386,8.4
2024-05-05,P_ESTACION_VIENTO_ARRIBA_ALBANIA _C_VAAL_06,11.1610849,-72.5856386,19.8
2024-05-06,P_ESTACION_VIENTO_ARRIBA_ALBANIA _C_VAAL_06,11.1610849,-72.5856386,24.8
2024-05-07,P_ESTACION_VIENTO_ARRIBA_ALBANIA _C_VAAL_06,11.1610849,-72.5856386,35.8
2024-05-08,P_ESTACION_VIENTO_ARRIBA_ALBANIA _C_VAAL_06,11.1610849,-72.5856386,36.0
2024-05-09,P_ESTACION_VIENTO_ARRIBA_ALBANIA _C_VAAL_06,11.1610849,-72.5856386,27.2
2024-05-10,P_ESTACION_VIENTO_ARRIBA_ALBANIA _C_VAAL_06,11.1610849,-72.5856386,21.6
2024-05-11,P_ESTACION_VIENTO_ARRIBA_ALBANIA _C_VAAL_06,11.1610849,-72.5856386,28.6
2024-05-12,P_ESTACION_VIENTO_ARRIBA_ALBANIA _C_VAAL_06,11.1610849,-72.5856386,24.9
2024-05-13,P_ESTACION_VIENTO_ARRIBA_ALBANIA _C_VAAL_06,11.1610849,-72.5856386,25.7
2024-05-14,P_ESTACION_VIENTO_ARRIBA_ALBANIA _C_VAAL_06,11.1610849,-72.5856386,25.6
2024-05-15,P_ESTACION_VIENTO_ARRIBA_ALBANIA _C_VAAL_06,11.1610849,-72.5856386,19.0
2024-05-16,P_ESTACION_VIENTO_ARRIBA_ALBANIA _C_VAAL_06,11.1610849,-72.5856386,15.2
2024-05-17,P_ESTACION_VIENTO_ARRIBA_ALBANIA _C_VAAL_06,11.1610849,-72.5856386,21.55
2024-05-18,P_ESTACION_VIENTO_ARRIBA_ALBANIA _C_VAAL_06,11.1610849,-72.5856386,17.1
2024-05-19,P_ESTACION_VIENTO_ARRIBA_ALBANIA _C_VAAL_06,11.1610849,-72.5856386,17.3
2024-05-20,P_ESTACION_VIENTO_ARRIBA_ALBANIA _C_VAAL_06,11.1610849,-72.5856386,13.6
2024-05-21,P_ESTACION_VIENTO_ARRIBA_ALBANIA _C_VAAL_06,11.1610849,-72.5856386,15.3
2024-05-22,P_ESTACION_VIENTO_ARRIBA_ALBANIA _C_VAAL_06,11.1610849,-72.5856386,11.5
2024-05-23,P_ESTACION_VIENTO_ARRIBA_ALBANIA _C_VAAL_06,11.1610849,-72.5856386,13.4
2024-05-24,P_ESTACION_VIENTO_ARRIBA_ALBANIA _C_VAAL_06,11.1610849,-72.5856386,14.3
2024-05-25,P_ESTACION_VIENTO_ARRIBA_ALBANIA _C_VAAL_06,11.1610849,-72.5856386,12.8
2024-05-26,P_ESTACION_VIENTO_ARRIBA_ALBANIA _C_VAAL_06,11.1610849,-72.5856386,13.9
2024-05-27,P_ESTACION_VIENTO_ARRIBA_ALBANIA _C_VAAL_06,11.1610849,-72.5856386,10.6
2024-05-28,P_ESTACION_VIENTO_ARRIBA_ALBANIA _C_VAAL_06,11.1610849,-72.5856386,12.9
2024-05-29,P_ESTACION_VIENTO_ARRIBA_ALBANIA _C_VAAL_06,11.1610849,-72.5856386,20.4
2024-05-30,P_ESTACION_VIENTO_ARRIBA_ALBANIA _C_VAAL_06,11.1610849,-72.5856386,18.1
2024-05-31,P_ESTACION_VIENTO_ARRIBA_ALBANIA _C_VAAL_06,11.1610849,-72.5856386,10.5
2024-06-01,P_ESTACION_VIENTO_ARRIBA_ALBANIA _C_VAAL_06,11.1610849,-72.5856386,13.0
2024-06-02,P_ESTACION_VIENTO_ARRIBA_ALBANIA _C_VAAL_06,11.1610849,-72.5856386,14.5
2024-06-03,P_ESTACION_VIENTO_ARRIBA_ALBANIA _C_VAAL_06,11.1610849,-72.5856386,11.8
2024-06-04,P_ESTACION_VIENTO_ARRIBA_ALBANIA _C_VAAL_06,11.1610849,-72.5856386,16.7
2024-06-05,P_ESTACION_VIENTO_ARRIBA_ALBANIA _C_VAAL_06,11.1610849,-72.5856386,18.2
2024-06-06,P_ESTACION_VIENTO_ARRIBA_ALBANIA _C_VAAL_06,11.1610849,-72.5856386,9.9
2024-06-07,P_ESTACION_VIENTO_ARRIBA_ALBANIA _C_VAAL_06,11.1610849,-72.5856386,14.8
2024-06-08,P_ESTACION_VIENTO_ARRIBA_ALBANIA _C_VAAL_06,11.1610849,-72.5856386,12.5
2024-06-09,P_ESTACION_VIENTO_ARRIBA_ALBANIA _C_VAAL_06,11.1610849,-72.5856386,11.2
2024-06-10,P_ESTACION_VIENTO_ARRIBA_ALBANIA _C_VAAL_06,11.1610849,-72.5856386,7.6
2024-06-11,P_ESTACION_VIENTO_ARRIBA_ALBANIA _C_VAAL_06,11.1610849,-72.5856386,7.7
2024-06-12,P_ESTACION_VIENTO_ARRIBA_ALBANIA _C_VAAL_06,11.1610849,-72.5856386,8.4
2024-06-13,P_ESTACION_VIENTO_ARRIBA_ALBANIA _C_VAAL_06,11.1610849,-72.5856386,15.6
2024-06-14,P_ESTACION_VIENTO_ARRIBA_ALBANIA _C_VAAL_06,11.1610849,-72.5856386,14.4
2024-06-15,P_ESTACION_VIENTO_ARRIBA_ALBANIA _C_VAAL_06,11.1610849,-72.5856386,8.4
2024-06-16,P_ESTACION_VIENTO_ARRIBA_ALBANIA _C_VAAL_06,11.1610849,-72.5856386,6.3
2024-06-17,P_ESTACION_VIENTO_ARRIBA_ALBANIA _C_VAAL_06,11.1610849,-72.5856386,11.8
2024-06-18,P_ESTACION_VIENTO_ARRIBA_ALBANIA _C_VAAL_06,11.1610849,-72.5856386,10.8
2024-06-19,P_ESTACION_VIENTO_ARRIBA_ALBANIA _C_VAAL_06,11.1610849,-72.5856386,9.5
2024-06-20,P_ESTACION_VIENTO_ARRIBA_ALBANIA _C_VAAL_06,11.1610849,-72.5856386,16.1
2024-06-21,P_ESTACION_VIENTO_ARRIBA_ALBANIA _C_VAAL_06,11.1610849,-72.5856386,16.2
2024-06-22,P_ESTACION_VIENTO_ARRIBA_ALBANIA _C_VAAL_06,11.1610849,-72.5856386,12.8
2024-06-23,P_ESTACION_VIENTO_ARRIBA_ALBANIA _C_VAAL_06,11.1610849,-72.5856386,18.1
